platform,impression,clicks,spend,attributed revenue,ctr,cpc,roas
Facebook,218621950,2958578,2169972.91,5657380.19,1.348861742634286,0.7500313680662927,2.596456012225339
Google,251503825,10441064,1641532.86,5018955.38,4.101058379048107,0.2994457350830817,3.038436114831027
TikTok,179837941,2701785,1446798.29,4097259.08,1.5065502223317584,0.5412317701157185,2.8395317962332167
