tactic,impression,clicks,spend,attributed revenue,ctr,cpc,roas
ASC,114459312,1715079,1146099.8,3200408.18,1.5005866487222252,0.6727610390096209,2.7930465558721456
Display,21963777,87284,145416.38,232587.2,0.3962946908554253,1.69176232634793,1.600254844952251
Non-Branded Search,229540048,10353780,1496116.48,4786368.18,4.512698788847294,0.1447438916092097,3.198234033706446
Prospecting,104162638,1243499,1023873.11,2456972.01,1.1971368365463464,0.8273016971229643,2.399865468578532
Retargeting,123462369,1973486,1002785.4,3030780.37,1.5977754915715539,0.5089783932673234,3.021552332299719
Spark Ads,56375572,728299,444012.89,1066478.71,1.293691260772236,0.6164896494286403,2.4148172120780447
